date,symbol,expiry,type,strike,timestamp,open,high,low,close,volume,trade_count,vwap
2026-01-02,GOOGL260515C00215000,2026-05-15,call,215.0,2026-01-02T05:00:00Z,102,102,101.2,101.2,8,4,101.7625
2026-01-02,GOOGL260515C00250000,2026-05-15,call,250.0,2026-01-02T05:00:00Z,78.15,80.45,70.05,73.61,8,8,75.58
2026-01-02,GOOGL260515C00200000,2026-05-15,call,200.0,2026-01-02T05:00:00Z,124.5,124.5,115,119,14,4,117.678571
2026-01-02,GOOGL260515C00265000,2026-05-15,call,265.0,2026-01-02T05:00:00Z,67.3,67.35,66.7,66.75,20,9,67.02
2026-01-02,GOOGL260515C00295000,2026-05-15,call,295.0,2026-01-02T05:00:00Z,44.3,44.3,40.07,40.65,19,9,42.755789
2026-01-02,GOOGL260515C00365000,2026-05-15,call,365.0,2026-01-02T05:00:00Z,13,13,10.7,11.05,32,8,11.429688
2026-01-02,GOOGL260515C00245000,2026-05-15,call,245.0,2026-01-02T05:00:00Z,75.21,75.21,75.21,75.21,2,1,75.21
2026-01-02,GOOGL260515C00340000,2026-05-15,call,340.0,2026-01-02T05:00:00Z,20.89,22,18.5,18.5,32,9,19.729688
2026-01-02,GOOGL260515C00345000,2026-05-15,call,345.0,2026-01-02T05:00:00Z,19.75,19.75,15.6,15.6,13,2,18.792308
2026-01-02,GOOGL260515C00360000,2026-05-15,call,360.0,2026-01-02T05:00:00Z,14.51,14.51,11.6,12.45,16,9,12.3575
2026-01-02,GOOGL260515C00285000,2026-05-15,call,285.0,2026-01-02T05:00:00Z,46.04,46.04,46.04,46.04,3,3,46.04
2026-01-02,GOOGL260515C00180000,2026-05-15,call,180.0,2026-01-02T05:00:00Z,135.9,135.9,135.9,135.9,1,1,135.9
2026-01-02,GOOGL260515C00260000,2026-05-15,call,260.0,2026-01-02T05:00:00Z,67.46,70.5,62.75,65,74,8,65.662973
2026-01-02,GOOGL260515C00275000,2026-05-15,call,275.0,2026-01-02T05:00:00Z,59.45,59.45,55.55,55.55,2,2,57.5
2026-01-02,GOOGL260515C00235000,2026-05-15,call,235.0,2026-01-02T05:00:00Z,88.38,88.38,87.91,88,4,3,88.0725
2026-01-02,GOOGL260515C00320000,2026-05-15,call,320.0,2026-01-02T05:00:00Z,28.6,31.15,24.74,26.9,89,40,27.421348
2026-01-02,GOOGL260515C00325000,2026-05-15,call,325.0,2026-01-02T05:00:00Z,27.3,28.65,22.61,24.45,60,27,24.212833
2026-01-02,GOOGL260515C00280000,2026-05-15,call,280.0,2026-01-02T05:00:00Z,54.15,55.21,48.5,48.5,10,5,51.032
2026-01-02,GOOGL260515C00305000,2026-05-15,call,305.0,2026-01-02T05:00:00Z,38,38.2,32.2,34.42,63,18,33.963968
2026-01-02,GOOGL260515C00310000,2026-05-15,call,310.0,2026-01-02T05:00:00Z,34.8,36.2,29.52,31.85,206,57,32.483398
2026-01-02,GOOGL260515C00220000,2026-05-15,call,220.0,2026-01-02T05:00:00Z,105.21,105.21,105.21,105.21,2,1,105.21
2026-01-02,GOOGL260515C00290000,2026-05-15,call,290.0,2026-01-02T05:00:00Z,48.05,48.25,41.8,43.3,20,6,45.7625
2026-01-02,GOOGL260515C00300000,2026-05-15,call,300.0,2026-01-02T05:00:00Z,39.6,41.5,34.7,37.58,263,23,37.552662
2026-01-02,GOOGL260515C00315000,2026-05-15,call,315.0,2026-01-02T05:00:00Z,32.04,33.25,27.1,29.2,341,44,28.81349
2026-01-02,GOOGL260515C00330000,2026-05-15,call,330.0,2026-01-02T05:00:00Z,23.87,25.03,20.8,22.35,41,20,23.513902
2026-01-02,GOOGL260515C00335000,2026-05-15,call,335.0,2026-01-02T05:00:00Z,23.6,23.6,18.85,20.2,31,7,22.106774
2026-01-02,GOOGL260515C00350000,2026-05-15,call,350.0,2026-01-02T05:00:00Z,17.25,17.95,14.54,15.26,30,16,16.477
2026-01-02,GOOGL260515C00355000,2026-05-15,call,355.0,2026-01-02T05:00:00Z,15.56,16.25,13.54,14.03,19,10,15.444737
2026-01-02,GOOGL260515C00205000,2026-05-15,call,205.0,2026-01-02T05:00:00Z,115.5,115.5,111.21,111.21,3,2,112.64
2026-01-02,GOOGL260515C00270000,2026-05-15,call,270.0,2026-01-02T05:00:00Z,55.28,58,55.28,58,3,3,56.343333
2026-01-02,GOOGL260515C00500000,2026-05-15,call,500.0,2026-01-02T05:00:00Z,0.71,0.71,0.71,0.71,2,1,0.71
2026-01-02,GOOGL260515C00590000,2026-05-15,call,590.0,2026-01-02T05:00:00Z,0.19,0.19,0.19,0.19,1,1,0.19
2026-01-02,GOOGL260515P00170000,2026-05-15,put,170.0,2026-01-02T05:00:00Z,0.51,0.51,0.51,0.51,2,1,0.51
2026-01-02,GOOGL260515P00225000,2026-05-15,put,225.0,2026-01-02T05:00:00Z,2.56,2.56,2.56,2.56,1,1,2.56
2026-01-02,GOOGL260515P00250000,2026-05-15,put,250.0,2026-01-02T05:00:00Z,4.65,5.86,4.61,5.35,34,11,5.366471
2026-01-02,GOOGL260515P00265000,2026-05-15,put,265.0,2026-01-02T05:00:00Z,7.21,8.55,7.21,7.8,17,14,7.950588
2026-01-02,GOOGL260515P00280000,2026-05-15,put,280.0,2026-01-02T05:00:00Z,10.95,12.56,10.15,11.5,14,9,11.583571
2026-01-02,GOOGL260515C00385000,2026-05-15,call,385.0,2026-01-02T05:00:00Z,8.8,8.8,7.55,7.55,15,8,7.65
2026-01-02,GOOGL260515C00390000,2026-05-15,call,390.0,2026-01-02T05:00:00Z,8.02,8.02,6.32,6.74,52,11,6.8825
2026-01-02,GOOGL260515C00570000,2026-05-15,call,570.0,2026-01-02T05:00:00Z,0.18,0.22,0.18,0.22,2,2,0.2
2026-01-02,GOOGL260515C00580000,2026-05-15,call,580.0,2026-01-02T05:00:00Z,0.16,0.16,0.16,0.16,1,1,0.16
2026-01-02,GOOGL260515P00130000,2026-05-15,put,130.0,2026-01-02T05:00:00Z,0.13,0.13,0.13,0.13,1,1,0.13
2026-01-02,GOOGL260515P00200000,2026-05-15,put,200.0,2026-01-02T05:00:00Z,1.27,1.27,1.27,1.27,4,1,1.27
2026-01-02,GOOGL260515P00255000,2026-05-15,put,255.0,2026-01-02T05:00:00Z,6.2,6.2,6.07,6.2,3,3,6.156667
2026-01-02,GOOGL260515P00290000,2026-05-15,put,290.0,2026-01-02T05:00:00Z,13.15,15.62,13.15,14.6,18,5,13.89
2026-01-02,GOOGL260515C00450000,2026-05-15,call,450.0,2026-01-02T05:00:00Z,1.76,1.89,1.76,1.89,50,2,1.825
2026-01-02,GOOGL260515C00470000,2026-05-15,call,470.0,2026-01-02T05:00:00Z,1.52,1.52,1.26,1.26,20,9,1.39
2026-01-02,GOOGL260515P00230000,2026-05-15,put,230.0,2026-01-02T05:00:00Z,2.65,2.65,2.65,2.65,1,1,2.65
2026-01-02,GOOGL260515P00270000,2026-05-15,put,270.0,2026-01-02T05:00:00Z,9.6,9.67,9.2,9.2,13,10,9.41
2026-01-02,GOOGL260515P00305000,2026-05-15,put,305.0,2026-01-02T05:00:00Z,18.15,22.12,18.15,20.75,9,5,21.222222
2026-01-02,GOOGL260515P00310000,2026-05-15,put,310.0,2026-01-02T05:00:00Z,20.6,24.55,20.6,22.85,30,17,23.207667
2026-01-02,GOOGL260515P00335000,2026-05-15,put,335.0,2026-01-02T05:00:00Z,33.1,37.55,32.3,36.15,25,9,35.586
2026-01-02,GOOGL260515C00480000,2026-05-15,call,480.0,2026-01-02T05:00:00Z,1.25,1.25,1,1,23,10,1.238261
2026-01-02,GOOGL260515P00195000,2026-05-15,put,195.0,2026-01-02T05:00:00Z,1.02,1.02,1.02,1.02,1,1,1.02
2026-01-02,GOOGL260515P00295000,2026-05-15,put,295.0,2026-01-02T05:00:00Z,14.4,17.15,14.4,16.35,19,11,16.097368
2026-01-02,GOOGL260515P00300000,2026-05-15,put,300.0,2026-01-02T05:00:00Z,17.9,19.7,17.89,19.7,14,8,18.257857
2026-01-02,GOOGL260515P00330000,2026-05-15,put,330.0,2026-01-02T05:00:00Z,30.05,34.45,29.55,33.35,16,14,31.2625
2026-01-02,GOOGL260515C00375000,2026-05-15,call,375.0,2026-01-02T05:00:00Z,9.3,9.32,9.3,9.32,25,2,9.316
2026-01-02,GOOGL260515C00490000,2026-05-15,call,490.0,2026-01-02T05:00:00Z,1,1.04,0.78,0.78,30,8,0.939333
2026-01-02,GOOGL260515C00560000,2026-05-15,call,560.0,2026-01-02T05:00:00Z,0.2,0.25,0.2,0.25,2,2,0.225
2026-01-02,GOOGL260515P00245000,2026-05-15,put,245.0,2026-01-02T05:00:00Z,4,5.1,4,5.1,4,4,4.3675
2026-01-02,GOOGL260515P00275000,2026-05-15,put,275.0,2026-01-02T05:00:00Z,10.4,10.4,10.4,10.4,2,2,10.4
2026-01-02,GOOGL260515P00320000,2026-05-15,put,320.0,2026-01-02T05:00:00Z,24.89,28.65,24.89,27.39,36,17,27.451667
2026-01-02,GOOGL260515P00340000,2026-05-15,put,340.0,2026-01-02T05:00:00Z,40.1,40.35,38.85,39.35,17,12,39.511765
2026-01-02,GOOGL260515P00345000,2026-05-15,put,345.0,2026-01-02T05:00:00Z,43.45,43.5,42.4,42.55,13,11,42.830769
2026-01-02,GOOGL260515C00380000,2026-05-15,call,380.0,2026-01-02T05:00:00Z,7.97,8.35,7.65,8.3,39,20,8.238974
2026-01-02,GOOGL260515C00410000,2026-05-15,call,410.0,2026-01-02T05:00:00Z,5.48,5.48,4.2,4.2,3,3,4.633333
2026-01-02,GOOGL260515C00460000,2026-05-15,call,460.0,2026-01-02T05:00:00Z,1.87,1.96,1.65,1.65,13,7,1.843077
2026-01-02,GOOGL260515P00285000,2026-05-15,put,285.0,2026-01-02T05:00:00Z,11.8,14.1,11.8,13.02,21,16,13.173333
2026-01-02,GOOGL260515P00325000,2026-05-15,put,325.0,2026-01-02T05:00:00Z,29.6,30.95,29.6,30.8,3,3,30.45
2026-01-02,GOOGL260515P00350000,2026-05-15,put,350.0,2026-01-02T05:00:00Z,42.3,42.3,41.65,41.65,4,4,42.1375
2026-01-02,GOOGL260515C00370000,2026-05-15,call,370.0,2026-01-02T05:00:00Z,12,12,9.57,10.35,20,11,11.0015
2026-01-02,GOOGL260515P00140000,2026-05-15,put,140.0,2026-01-02T05:00:00Z,0.19,0.19,0.19,0.19,4,1,0.19
2026-01-02,GOOGL260515P00145000,2026-05-15,put,145.0,2026-01-02T05:00:00Z,0.2,0.2,0.2,0.2,5,1,0.2
2026-01-02,GOOGL260515P00210000,2026-05-15,put,210.0,2026-01-02T05:00:00Z,1.54,1.63,1.47,1.63,43,6,1.620233
2026-01-02,GOOGL260515P00260000,2026-05-15,put,260.0,2026-01-02T05:00:00Z,6.22,7.45,6.22,7.1,86,10,6.67686
2026-01-02,GOOGL260515P00315000,2026-05-15,put,315.0,2026-01-02T05:00:00Z,22.5,26.1,22.5,25.55,46,18,23.329348
2026-01-02,GOOGL260515C00395000,2026-05-15,call,395.0,2026-01-02T05:00:00Z,6.35,6.35,6,6,2,2,6.175
2026-01-02,GOOGL260515C00430000,2026-05-15,call,430.0,2026-01-02T05:00:00Z,3.45,3.45,3.4,3.4,2,2,3.425
2026-01-02,GOOGL260515C00440000,2026-05-15,call,440.0,2026-01-02T05:00:00Z,2.91,2.91,2.91,2.91,10,2,2.91
2026-01-02,GOOGL260515C00550000,2026-05-15,call,550.0,2026-01-02T05:00:00Z,0.28,0.28,0.28,0.28,4,1,0.28
2026-01-02,GOOGL260515C00600000,2026-05-15,call,600.0,2026-01-02T05:00:00Z,0.11,0.16,0.11,0.12,32,3,0.120938
2026-01-02,GOOGL260515P00160000,2026-05-15,put,160.0,2026-01-02T05:00:00Z,0.34,0.34,0.34,0.34,1,1,0.34
2026-01-02,GOOGL260515P00185000,2026-05-15,put,185.0,2026-01-02T05:00:00Z,0.78,0.78,0.77,0.77,2,2,0.775
2026-01-02,GOOGL260515P00220000,2026-05-15,put,220.0,2026-01-02T05:00:00Z,2.45,2.45,2.2,2.21,4,3,2.2675
2026-01-02,GOOGL260515C00400000,2026-05-15,call,400.0,2026-01-02T05:00:00Z,6.15,6.79,5.2,5.5,391,23,5.573402
2026-01-02,GOOGL260515P00360000,2026-05-15,put,360.0,2026-01-02T05:00:00Z,50.66,50.66,50.66,50.66,7,1,50.66
2026-01-02,GOOGL260618C00095000,2026-06-18,call,95.0,2026-01-02T05:00:00Z,220.99,220.99,220.99,220.99,1,1,220.99
2026-01-02,GOOGL260618C00140000,2026-06-18,call,140.0,2026-01-02T05:00:00Z,183,183.35,174.9,178.14,12,10,179.1575
2026-01-02,GOOGL260618C00165000,2026-06-18,call,165.0,2026-01-02T05:00:00Z,160,160,150.28,151.5,8,3,156.66
2026-01-02,GOOGL260618C00170000,2026-06-18,call,170.0,2026-01-02T05:00:00Z,155,155,155,155,1,1,155
2026-01-02,GOOGL260618C00185000,2026-06-18,call,185.0,2026-01-02T05:00:00Z,138.32,138.32,133,133,7,2,137.56
2026-01-02,GOOGL260618C00195000,2026-06-18,call,195.0,2026-01-02T05:00:00Z,125.25,125.25,125.25,125.25,2,2,125.25
2026-01-02,GOOGL260618C00310000,2026-06-18,call,310.0,2026-01-02T05:00:00Z,38,39.55,33,34.79,161,43,34.935652
2026-01-02,GOOGL260618C00335000,2026-06-18,call,335.0,2026-01-02T05:00:00Z,25.89,26.5,21.85,23.45,27,13,23.346667
2026-01-02,GOOGL260618C00180000,2026-06-18,call,180.0,2026-01-02T05:00:00Z,144.72,146,135.33,135.4,10,5,141.987
2026-01-02,GOOGL260618C00205000,2026-06-18,call,205.0,2026-01-02T05:00:00Z,114.5,114.5,114.5,114.5,1,1,114.5
2026-01-02,GOOGL260618C00315000,2026-06-18,call,315.0,2026-01-02T05:00:00Z,35.35,36.5,30.35,32.26,90,32,33.849
2026-01-02,GOOGL260618C00325000,2026-06-18,call,325.0,2026-01-02T05:00:00Z,29.88,31.55,25.8,27.86,61,27,29.396066
2026-01-02,GOOGL260618C00380000,2026-06-18,call,380.0,2026-01-02T05:00:00Z,12.05,12.75,9.98,10.64,175,20,11.824514
2026-01-02,GOOGL260618C00235000,2026-06-18,call,235.0,2026-01-02T05:00:00Z,88.94,88.94,84.9,84.9,7,4,86.847143
2026-01-02,GOOGL260618C00370000,2026-06-18,call,370.0,2026-01-02T05:00:00Z,14.5,15.25,12.2,12.2,36,11,14.754167
2026-01-02,GOOGL260618C00385000,2026-06-18,call,385.0,2026-01-02T05:00:00Z,9.1,9.2,9,9.2,80,25,9.07375
2026-01-02,GOOGL260618C00145000,2026-06-18,call,145.0,2026-01-02T05:00:00Z,179.35,179.35,179.35,179.35,1,1,179.35
2026-01-02,GOOGL260618C00175000,2026-06-18,call,175.0,2026-01-02T05:00:00Z,150,150,140.09,140.09,4,3,143.0325
2026-01-02,GOOGL260618C00305000,2026-06-18,call,305.0,2026-01-02T05:00:00Z,40.9,41.7,35.3,35.3,18,10,40.502778
2026-01-02,GOOGL260618C00320000,2026-06-18,call,320.0,2026-01-02T05:00:00Z,31.88,33.92,28,30.1,420,109,30.617333
2026-01-02,GOOGL260618C00365000,2026-06-18,call,365.0,2026-01-02T05:00:00Z,14.14,14.14,14.14,14.14,1,1,14.14
2026-01-02,GOOGL260618C00390000,2026-06-18,call,390.0,2026-01-02T05:00:00Z,9.57,9.57,8.53,8.95,25,8,8.9512
2026-01-02,GOOGL260618C00400000,2026-06-18,call,400.0,2026-01-02T05:00:00Z,8.18,9,6.9,7.4,294,48,8.143878
2026-01-02,GOOGL260618C00155000,2026-06-18,call,155.0,2026-01-02T05:00:00Z,162.36,162.36,162.36,162.36,1,1,162.36
2026-01-02,GOOGL260618C00210000,2026-06-18,call,210.0,2026-01-02T05:00:00Z,108.35,111.36,108,111.36,5,3,110.086
2026-01-02,GOOGL260618C00225000,2026-06-18,call,225.0,2026-01-02T05:00:00Z,93.42,96.36,93.42,96.36,6,3,94.4
2026-01-02,GOOGL260618C00265000,2026-06-18,call,265.0,2026-01-02T05:00:00Z,69.65,69.65,64.7,64.7,45,2,68
2026-01-02,GOOGL260618C00270000,2026-06-18,call,270.0,2026-01-02T05:00:00Z,62,64.93,59.55,59.55,6,4,63.335
2026-01-02,GOOGL260618C00290000,2026-06-18,call,290.0,2026-01-02T05:00:00Z,49.8,51,45,46.55,20,11,48.7475
2026-01-02,GOOGL260618C00340000,2026-06-18,call,340.0,2026-01-02T05:00:00Z,23.85,25,20,21.6,246,37,21.49622
2026-01-02,GOOGL260618C00355000,2026-06-18,call,355.0,2026-01-02T05:00:00Z,18.3,18.3,15.5,16.8,26,10,16.455
2026-01-02,GOOGL260618C00135000,2026-06-18,call,135.0,2026-01-02T05:00:00Z,187.85,188.2,187.85,188.2,4,2,188.1125
2026-01-02,GOOGL260618C00200000,2026-06-18,call,200.0,2026-01-02T05:00:00Z,125,125.85,117,120.1,69,10,120.135217
2026-01-02,GOOGL260618C00220000,2026-06-18,call,220.0,2026-01-02T05:00:00Z,101.7,101.72,101.7,101.72,2,2,101.71
2026-01-02,GOOGL260618C00230000,2026-06-18,call,230.0,2026-01-02T05:00:00Z,95.6,95.6,95.6,95.6,5,1,95.6
2026-01-02,GOOGL260618C00260000,2026-06-18,call,260.0,2026-01-02T05:00:00Z,71.32,74.07,64.87,67.81,32,7,65.704063
2026-01-02,GOOGL260618C00275000,2026-06-18,call,275.0,2026-01-02T05:00:00Z,60,61.2,53.6,56.5,21,21,57.000952
2026-01-02,GOOGL260618C00330000,2026-06-18,call,330.0,2026-01-02T05:00:00Z,28.25,29.5,23.75,25.65,71,38,25.82169
2026-01-02,GOOGL260618C00350000,2026-06-18,call,350.0,2026-01-02T05:00:00Z,18.9,21.35,16.85,18.31,1452,111,18.945737
2026-01-02,GOOGL260618C00150000,2026-06-18,call,150.0,2026-01-02T05:00:00Z,172.8,172.8,166.75,166.75,31,2,166.945161
2026-01-02,GOOGL260618C00240000,2026-06-18,call,240.0,2026-01-02T05:00:00Z,83.75,83.75,82.08,82.08,3,3,83.126667
2026-01-02,GOOGL260618C00250000,2026-06-18,call,250.0,2026-01-02T05:00:00Z,76.5,76.5,74.9,75.55,39,6,75.130256
2026-01-02,GOOGL260618C00255000,2026-06-18,call,255.0,2026-01-02T05:00:00Z,74,77.74,74,74.65,33,10,76.874848
2026-01-02,GOOGL260618C00285000,2026-06-18,call,285.0,2026-01-02T05:00:00Z,48.8,49.87,48.8,49.87,11,8,49.345455
2026-01-02,GOOGL260618C00345000,2026-06-18,call,345.0,2026-01-02T05:00:00Z,22.55,22.55,18.45,20,25,13,19.3368
2026-01-02,GOOGL260618C00160000,2026-06-18,call,160.0,2026-01-02T05:00:00Z,161.8,165.5,157,157,15,5,160.766667
2026-01-02,GOOGL260618C00190000,2026-06-18,call,190.0,2026-01-02T05:00:00Z,129.49,129.49,129.49,129.49,10,1,129.49
2026-01-02,GOOGL260618C00280000,2026-06-18,call,280.0,2026-01-02T05:00:00Z,54.35,57.41,52.12,52.85,9,5,55.435556
2026-01-02,GOOGL260618C00295000,2026-06-18,call,295.0,2026-01-02T05:00:00Z,41.55,43.5,41,43.5,11,10,41.999091
2026-01-02,GOOGL260618C00300000,2026-06-18,call,300.0,2026-01-02T05:00:00Z,43.85,45.1,38,40.3,151,48,42.569669
2026-01-02,GOOGL260618C00360000,2026-06-18,call,360.0,2026-01-02T05:00:00Z,17.08,18.05,14.28,15.43,440,53,17.737932
2026-01-02,GOOGL260618C00395000,2026-06-18,call,395.0,2026-01-02T05:00:00Z,8.87,8.87,8.87,8.87,1,1,8.87
2026-01-02,GOOGL260618C00430000,2026-06-18,call,430.0,2026-01-02T05:00:00Z,5.05,5.05,4.05,4.25,64,11,4.762969
2026-01-02,GOOGL260618C00470000,2026-06-18,call,470.0,2026-01-02T05:00:00Z,2.01,2.01,2.01,2.01,25,2,2.01
2026-01-02,GOOGL260618P00170000,2026-06-18,put,170.0,2026-01-02T05:00:00Z,0.64,0.65,0.64,0.65,2,2,0.645
2026-01-02,GOOGL260618C00420000,2026-06-18,call,420.0,2026-01-02T05:00:00Z,6,6,4.86,5.1,122,4,5.740164
2026-01-02,GOOGL260618C00460000,2026-06-18,call,460.0,2026-01-02T05:00:00Z,2.37,2.37,2.37,2.37,1,1,2.37
2026-01-02,GOOGL260618P00185000,2026-06-18,put,185.0,2026-01-02T05:00:00Z,1.03,1.03,1.03,1.03,1,1,1.03
2026-01-02,GOOGL260618P00250000,2026-06-18,put,250.0,2026-01-02T05:00:00Z,5.91,7.14,5.91,6.5,26,7,6.794231
2026-01-02,GOOGL260618P00255000,2026-06-18,put,255.0,2026-01-02T05:00:00Z,6.81,8.05,6.73,7.5,12,8,7.466667
2026-01-02,GOOGL260618P00270000,2026-06-18,put,270.0,2026-01-02T05:00:00Z,9.69,11.8,9.69,10.75,62,25,10.886452
2026-01-02,GOOGL260618P00285000,2026-06-18,put,285.0,2026-01-02T05:00:00Z,14.8,16.15,14.8,15.15,35,13,15.588571
2026-01-02,GOOGL260618P00290000,2026-06-18,put,290.0,2026-01-02T05:00:00Z,16.45,17.89,16.45,16.8,52,24,17.022885
2026-01-02,GOOGL260618C00540000,2026-06-18,call,540.0,2026-01-02T05:00:00Z,0.66,0.66,0.66,0.66,100,10,0.66
2026-01-02,GOOGL260618P00260000,2026-06-18,put,260.0,2026-01-02T05:00:00Z,8,9.01,8,8.4,31,12,8.675161
2026-01-02,GOOGL260618P00300000,2026-06-18,put,300.0,2026-01-02T05:00:00Z,18.5,22.21,18.41,20.44,59,26,20.339492
2026-01-02,GOOGL260618P00320000,2026-06-18,put,320.0,2026-01-02T05:00:00Z,27.3,32.05,27.02,29.7,82,42,30.765488
2026-01-02,GOOGL260618P00325000,2026-06-18,put,325.0,2026-01-02T05:00:00Z,29.8,34.95,29.8,32.7,53,35,33.006981
2026-01-02,GOOGL260618P00335000,2026-06-18,put,335.0,2026-01-02T05:00:00Z,36.3,40.25,36.3,38.42,32,18,38.6525
2026-01-02,GOOGL260618C00410000,2026-06-18,call,410.0,2026-01-02T05:00:00Z,7.42,7.42,6.15,6.15,2,2,6.785
2026-01-02,GOOGL260618P00090000,2026-06-18,put,90.0,2026-01-02T05:00:00Z,0.04,0.04,0.04,0.04,10,1,0.04
2026-01-02,GOOGL260618P00150000,2026-06-18,put,150.0,2026-01-02T05:00:00Z,0.38,0.38,0.38,0.38,1,1,0.38
2026-01-02,GOOGL260618P00180000,2026-06-18,put,180.0,2026-01-02T05:00:00Z,0.9,0.94,0.9,0.94,10,6,0.933
2026-01-02,GOOGL260618P00230000,2026-06-18,put,230.0,2026-01-02T05:00:00Z,3.48,4.2,3.48,4.2,10,4,4.062
2026-01-02,GOOGL260618P00245000,2026-06-18,put,245.0,2026-01-02T05:00:00Z,5.8,5.8,5.8,5.8,1,1,5.8
2026-01-02,GOOGL260618P00280000,2026-06-18,put,280.0,2026-01-02T05:00:00Z,12.4,14.75,12.2,13.5,128,46,14.247734
2026-01-02,GOOGL260618P00305000,2026-06-18,put,305.0,2026-01-02T05:00:00Z,20.8,24.3,20.8,22.8,62,22,23.224839
2026-01-02,GOOGL260618C00440000,2026-06-18,call,440.0,2026-01-02T05:00:00Z,4.15,4.15,3.4,3.5,308,3,4.131818
2026-01-02,GOOGL260618C00450000,2026-06-18,call,450.0,2026-01-02T05:00:00Z,3.42,3.42,3,3,51,2,3.411765
2026-01-02,GOOGL260618C00550000,2026-06-18,call,550.0,2026-01-02T05:00:00Z,0.49,0.49,0.49,0.49,5,1,0.49
2026-01-02,GOOGL260618C00600000,2026-06-18,call,600.0,2026-01-02T05:00:00Z,0.27,0.27,0.24,0.26,41,8,0.266341
2026-01-02,GOOGL260618P00095000,2026-06-18,put,95.0,2026-01-02T05:00:00Z,0.05,0.05,0.05,0.05,3,1,0.05
2026-01-02,GOOGL260618P00195000,2026-06-18,put,195.0,2026-01-02T05:00:00Z,1.4,1.4,1.4,1.4,1,1,1.4
2026-01-02,GOOGL260618P00240000,2026-06-18,put,240.0,2026-01-02T05:00:00Z,4.64,5.59,4.64,5.48,11,9,5.283636
2026-01-02,GOOGL260618P00310000,2026-06-18,put,310.0,2026-01-02T05:00:00Z,23,26.75,23,25,25,20,25.712
2026-01-02,GOOGL260618C00520000,2026-06-18,call,520.0,2026-01-02T05:00:00Z,0.94,1.03,0.88,0.88,214,25,0.964673
2026-01-02,GOOGL260618P00205000,2026-06-18,put,205.0,2026-01-02T05:00:00Z,1.92,1.92,1.9,1.9,11,4,1.913636
2026-01-02,GOOGL260618P00210000,2026-06-18,put,210.0,2026-01-02T05:00:00Z,2.21,2.21,2.2,2.2,52,8,2.205
2026-01-02,GOOGL260618P00215000,2026-06-18,put,215.0,2026-01-02T05:00:00Z,2.65,2.65,2.56,2.56,7,7,2.607143
2026-01-02,GOOGL260618P00265000,2026-06-18,put,265.0,2026-01-02T05:00:00Z,8.7,10.45,8.7,9.8,25,8,9.72
2026-01-02,GOOGL260618P00330000,2026-06-18,put,330.0,2026-01-02T05:00:00Z,33.19,37.37,32.85,35.4,61,31,34.636557
2026-01-02,GOOGL260618P00345000,2026-06-18,put,345.0,2026-01-02T05:00:00Z,41.35,45.55,41.35,44.85,25,18,44.228
2026-01-02,GOOGL260618P00350000,2026-06-18,put,350.0,2026-01-02T05:00:00Z,48.95,49,47.65,48.45,8,8,48.2125
2026-01-02,GOOGL260618C00490000,2026-06-18,call,490.0,2026-01-02T05:00:00Z,1.65,1.65,1.65,1.65,1,1,1.65
2026-01-02,GOOGL260618C00500000,2026-06-18,call,500.0,2026-01-02T05:00:00Z,1.41,1.49,1.15,1.22,30,11,1.278
2026-01-02,GOOGL260618P00200000,2026-06-18,put,200.0,2026-01-02T05:00:00Z,1.54,1.73,1.54,1.69,6,4,1.661667
2026-01-02,GOOGL260618P00220000,2026-06-18,put,220.0,2026-01-02T05:00:00Z,2.8,3.04,2.8,2.98,7,5,2.915714
2026-01-02,GOOGL260618P00225000,2026-06-18,put,225.0,2026-01-02T05:00:00Z,3.05,3.05,3.05,3.05,1,1,3.05
2026-01-02,GOOGL260618P00235000,2026-06-18,put,235.0,2026-01-02T05:00:00Z,4.65,4.65,4.61,4.61,2,2,4.63
2026-01-02,GOOGL260618P00275000,2026-06-18,put,275.0,2026-01-02T05:00:00Z,10.99,13.2,10.75,12.25,58,27,12.178621
2026-01-02,GOOGL260618P00315000,2026-06-18,put,315.0,2026-01-02T05:00:00Z,25.75,29.1,25.7,27.35,30,24,27.599667
2026-01-02,GOOGL260618P00110000,2026-06-18,put,110.0,2026-01-02T05:00:00Z,0.1,0.1,0.08,0.08,4,2,0.095
2026-01-02,GOOGL260618P00295000,2026-06-18,put,295.0,2026-01-02T05:00:00Z,19.1,20.05,18.6,18.7,38,18,19.315789
2026-01-02,GOOGL260618P00340000,2026-06-18,put,340.0,2026-01-02T05:00:00Z,39.3,41.8,39.3,41.25,7,7,41.135714
2026-01-02,GOOGL260717C00325000,2026-07-17,call,325.0,2026-01-02T05:00:00Z,33.5,34.04,29.05,30.3,31,13,31.705484
2026-01-02,GOOGL260717C00380000,2026-07-17,call,380.0,2026-01-02T05:00:00Z,12.12,12.75,12.12,12.75,19,3,12.690526
2026-01-02,GOOGL260717C00430000,2026-07-17,call,430.0,2026-01-02T05:00:00Z,6.3,6.3,6.25,6.3,31,9,6.266129
2026-01-02,GOOGL260717C00540000,2026-07-17,call,540.0,2026-01-02T05:00:00Z,1.11,1.11,0.91,0.91,129,19,0.956822
2026-01-02,GOOGL260717C00240000,2026-07-17,call,240.0,2026-01-02T05:00:00Z,92.14,92.14,83.35,83.35,6,2,90.675
2026-01-02,GOOGL260717C00295000,2026-07-17,call,295.0,2026-01-02T05:00:00Z,48.7,48.7,46.55,46.55,12,6,48.510833
2026-01-02,GOOGL260717C00305000,2026-07-17,call,305.0,2026-01-02T05:00:00Z,42.21,42.21,37.85,39.61,6,4,40.793333
2026-01-02,GOOGL260717C00315000,2026-07-17,call,315.0,2026-01-02T05:00:00Z,37.47,37.47,33.2,34.75,23,12,35.900435
2026-01-02,GOOGL260717C00420000,2026-07-17,call,420.0,2026-01-02T05:00:00Z,7.45,7.6,6.7,6.71,34,13,7.403529
2026-01-02,GOOGL260717C00530000,2026-07-17,call,530.0,2026-01-02T05:00:00Z,1.25,1.25,1.08,1.1,31,12,1.192258
2026-01-02,GOOGL260618P00390000,2026-06-18,put,390.0,2026-01-02T05:00:00Z,74.1,79.3,74.1,79.3,6,3,76.7
2026-01-02,GOOGL260618P00400000,2026-06-18,put,400.0,2026-01-02T05:00:00Z,82.65,82.65,82.65,82.65,3,1,82.65
2026-01-02,GOOGL260717C00365000,2026-07-17,call,365.0,2026-01-02T05:00:00Z,16.44,16.44,16.44,16.44,2,2,16.44
2026-01-02,GOOGL260717C00440000,2026-07-17,call,440.0,2026-01-02T05:00:00Z,4.65,4.65,4.65,4.65,1,1,4.65
2026-01-02,GOOGL260717C00470000,2026-07-17,call,470.0,2026-01-02T05:00:00Z,3,3,2.82,2.83,15,7,2.849333
2026-01-02,GOOGL260717C00500000,2026-07-17,call,500.0,2026-01-02T05:00:00Z,1.74,1.74,1.74,1.74,1,1,1.74
2026-01-02,GOOGL260717C00520000,2026-07-17,call,520.0,2026-01-02T05:00:00Z,1.42,1.43,1.23,1.3,124,21,1.252258
2026-01-02,GOOGL260717C00230000,2026-07-17,call,230.0,2026-01-02T05:00:00Z,95.91,95.91,90.48,90.48,6,2,93.195
2026-01-02,GOOGL260717C00275000,2026-07-17,call,275.0,2026-01-02T05:00:00Z,62.1,62.15,62.1,62.15,10,2,62.125
2026-01-02,GOOGL260717C00280000,2026-07-17,call,280.0,2026-01-02T05:00:00Z,52.94,52.94,52.94,52.94,1,1,52.94
2026-01-02,GOOGL260717C00345000,2026-07-17,call,345.0,2026-01-02T05:00:00Z,24.52,24.52,21.11,21.11,4,3,23.1125
2026-01-02,GOOGL260717C00570000,2026-07-17,call,570.0,2026-01-02T05:00:00Z,0.72,0.73,0.72,0.73,10,3,0.724
2026-01-02,GOOGL260717C00160000,2026-07-17,call,160.0,2026-01-02T05:00:00Z,165,165,165,165,1,1,165
2026-01-02,GOOGL260717C00350000,2026-07-17,call,350.0,2026-01-02T05:00:00Z,23.25,23.25,19.5,20.46,11,6,20.860909
2026-01-02,GOOGL260717C00400000,2026-07-17,call,400.0,2026-01-02T05:00:00Z,10.71,10.71,9.15,9.15,7,5,9.59
2026-01-02,GOOGL260717C00255000,2026-07-17,call,255.0,2026-01-02T05:00:00Z,73.36,73.36,70.3,70.3,2,2,71.83
2026-01-02,GOOGL260717C00330000,2026-07-17,call,330.0,2026-01-02T05:00:00Z,27.25,27.5,27.25,27.5,6,2,27.458333
2026-01-02,GOOGL260717C00250000,2026-07-17,call,250.0,2026-01-02T05:00:00Z,83,83,74.15,74.15,50,3,82.7082
2026-01-02,GOOGL260717C00310000,2026-07-17,call,310.0,2026-01-02T05:00:00Z,40,40,35,36.58,55,15,37.708182
2026-01-02,GOOGL260717C00340000,2026-07-17,call,340.0,2026-01-02T05:00:00Z,25.8,25.8,22.62,24,16,5,24.02625
2026-01-02,GOOGL260717C00395000,2026-07-17,call,395.0,2026-01-02T05:00:00Z,10.8,10.8,10.8,10.8,1,1,10.8
2026-01-02,GOOGL260717C00270000,2026-07-17,call,270.0,2026-01-02T05:00:00Z,66.75,66.75,66.75,66.75,1,1,66.75
2026-01-02,GOOGL260717C00285000,2026-07-17,call,285.0,2026-01-02T05:00:00Z,54.45,54.45,54.45,54.45,10,2,54.45
2026-01-02,GOOGL260717C00300000,2026-07-17,call,300.0,2026-01-02T05:00:00Z,46.42,46.42,40.9,40.9,3,3,44.09
2026-01-02,GOOGL260717C00320000,2026-07-17,call,320.0,2026-01-02T05:00:00Z,36.05,36.1,30.6,31.9,9,8,32.635556
2026-01-02,GOOGL260717C00360000,2026-07-17,call,360.0,2026-01-02T05:00:00Z,19.95,19.95,19.95,19.95,2,1,19.95
2026-01-02,GOOGL260618P00380000,2026-06-18,put,380.0,2026-01-02T05:00:00Z,66.55,70.9,66.55,70.9,6,3,68.725
2026-01-02,GOOGL260717C00290000,2026-07-17,call,290.0,2026-01-02T05:00:00Z,49.5,49.5,47.3,48.85,33,6,47.912121
2026-01-02,GOOGL260821C00225000,2026-08-21,call,225.0,2026-01-02T05:00:00Z,100.87,100.87,100.87,100.87,1,1,100.87
2026-01-02,GOOGL260717C00580000,2026-07-17,call,580.0,2026-01-02T05:00:00Z,0.57,0.57,0.57,0.57,1,1,0.57
2026-01-02,GOOGL260717C00600000,2026-07-17,call,600.0,2026-01-02T05:00:00Z,0.4,0.4,0.38,0.38,6,2,0.386667
2026-01-02,GOOGL260717P00260000,2026-07-17,put,260.0,2026-01-02T05:00:00Z,8.7,9.9,8.65,9.9,14,3,9.553571
2026-01-02,GOOGL260717P00265000,2026-07-17,put,265.0,2026-01-02T05:00:00Z,11.1,11.1,11.1,11.1,1,1,11.1
2026-01-02,GOOGL260717P00310000,2026-07-17,put,310.0,2026-01-02T05:00:00Z,24.37,28.55,24.37,26.79,14,8,27.380714
2026-01-02,GOOGL260717P00315000,2026-07-17,put,315.0,2026-01-02T05:00:00Z,30.33,30.36,30.33,30.36,2,2,30.345
2026-01-02,GOOGL260717P00345000,2026-07-17,put,345.0,2026-01-02T05:00:00Z,48,48,48,48,1,1,48
2026-01-02,GOOGL260717P00350000,2026-07-17,put,350.0,2026-01-02T05:00:00Z,49.6,49.6,49.6,49.6,1,1,49.6
2026-01-02,GOOGL260717P00195000,2026-07-17,put,195.0,2026-01-02T05:00:00Z,1.83,1.83,1.83,1.83,2,2,1.83
2026-01-02,GOOGL260717P00290000,2026-07-17,put,290.0,2026-01-02T05:00:00Z,18.55,18.7,18.55,18.65,3,3,18.633333
2026-01-02,GOOGL260717P00295000,2026-07-17,put,295.0,2026-01-02T05:00:00Z,20.6,20.6,20.5,20.5,4,4,20.545
2026-01-02,GOOGL260717P00300000,2026-07-17,put,300.0,2026-01-02T05:00:00Z,23.29,23.29,23.26,23.26,2,2,23.275
2026-01-02,GOOGL260717P00320000,2026-07-17,put,320.0,2026-01-02T05:00:00Z,33,33,33,33,15,1,33
2026-01-02,GOOGL260717P00330000,2026-07-17,put,330.0,2026-01-02T05:00:00Z,38.63,38.72,38.63,38.72,2,2,38.675
2026-01-02,GOOGL260717P00400000,2026-07-17,put,400.0,2026-01-02T05:00:00Z,88.8,88.8,88.8,88.8,3,1,88.8
2026-01-02,GOOGL260821C00100000,2026-08-21,call,100.0,2026-01-02T05:00:00Z,224,224,224,224,1,1,224
2026-01-02,GOOGL260717P00170000,2026-07-17,put,170.0,2026-01-02T05:00:00Z,0.85,0.85,0.85,0.85,8,2,0.85
2026-01-02,GOOGL260717P00250000,2026-07-17,put,250.0,2026-01-02T05:00:00Z,7.49,7.49,7.48,7.48,6,2,7.485
2026-01-02,GOOGL260717P00270000,2026-07-17,put,270.0,2026-01-02T05:00:00Z,12.95,12.95,12.95,12.95,2,1,12.95
2026-01-02,GOOGL260717P00275000,2026-07-17,put,275.0,2026-01-02T05:00:00Z,14,14,14,14,8,1,14
2026-01-02,GOOGL260717P00280000,2026-07-17,put,280.0,2026-01-02T05:00:00Z,13.63,15.27,13.63,15.27,13,3,13.793077
2026-01-02,GOOGL260717P00305000,2026-07-17,put,305.0,2026-01-02T05:00:00Z,22.66,25.55,21.88,24.49,9,9,24.432222
2026-01-02,GOOGL260717P00325000,2026-07-17,put,325.0,2026-01-02T05:00:00Z,34.66,34.7,34.66,34.7,2,2,34.68
2026-01-02,GOOGL260821C00185000,2026-08-21,call,185.0,2026-01-02T05:00:00Z,136.72,136.72,136.72,136.72,1,1,136.72
2026-01-02,GOOGL260821C00210000,2026-08-21,call,210.0,2026-01-02T05:00:00Z,113.55,113.55,113.55,113.55,1,1,113.55
2026-01-02,GOOGL260821P00140000,2026-08-21,put,140.0,2026-01-02T05:00:00Z,0.5,0.5,0.5,0.5,1,1,0.5
2026-01-02,GOOGL260821P00280000,2026-08-21,put,280.0,2026-01-02T05:00:00Z,17.95,17.95,17.95,17.95,1,1,17.95
2026-01-02,GOOGL260821C00260000,2026-08-21,call,260.0,2026-01-02T05:00:00Z,78.5,78.5,71.13,71.76,6,5,74.616667
2026-01-02,GOOGL260821C00350000,2026-08-21,call,350.0,2026-01-02T05:00:00Z,26.95,27.08,24.75,24.75,12,8,26.325
2026-01-02,GOOGL260821P00295000,2026-08-21,put,295.0,2026-01-02T05:00:00Z,23.3,23.65,22.7,23.65,9,9,23.097778
2026-01-02,GOOGL260821C00340000,2026-08-21,call,340.0,2026-01-02T05:00:00Z,30.63,31.75,26.62,28.47,14,8,29.142857
2026-01-02,GOOGL260821C00370000,2026-08-21,call,370.0,2026-01-02T05:00:00Z,21.19,21.19,17.5,18.7,16,3,19.403125
2026-01-02,GOOGL260821C00460000,2026-08-21,call,460.0,2026-01-02T05:00:00Z,5.23,5.26,5.23,5.26,6,3,5.235
2026-01-02,GOOGL260821P00290000,2026-08-21,put,290.0,2026-01-02T05:00:00Z,21.54,21.6,21.5,21.6,4,3,21.56
2026-01-02,GOOGL260821P00315000,2026-08-21,put,315.0,2026-01-02T05:00:00Z,32.54,32.66,32.12,32.15,4,4,32.3675
2026-01-02,GOOGL260821C00345000,2026-08-21,call,345.0,2026-01-02T05:00:00Z,26.05,26.64,26.05,26.64,12,5,26.136667
2026-01-02,GOOGL260821P00195000,2026-08-21,put,195.0,2026-01-02T05:00:00Z,2.49,2.49,2.49,2.49,2,2,2.49
2026-01-02,GOOGL260821P00240000,2026-08-21,put,240.0,2026-01-02T05:00:00Z,7.9,7.9,7.9,7.9,4,1,7.9
2026-01-02,GOOGL260821P00275000,2026-08-21,put,275.0,2026-01-02T05:00:00Z,16.35,16.35,16.35,16.35,1,1,16.35
2026-01-02,GOOGL260821C00235000,2026-08-21,call,235.0,2026-01-02T05:00:00Z,92.95,92.95,92.95,92.95,13,1,92.95
2026-01-02,GOOGL260821C00300000,2026-08-21,call,300.0,2026-01-02T05:00:00Z,45.95,47.1,45.95,47.1,5,3,46.87
2026-01-02,GOOGL260821C00335000,2026-08-21,call,335.0,2026-01-02T05:00:00Z,29.1,29.1,29.1,29.1,1,1,29.1
2026-01-02,GOOGL260821P00235000,2026-08-21,put,235.0,2026-01-02T05:00:00Z,7,7,7,7,1,1,7
2026-01-02,GOOGL260821P00250000,2026-08-21,put,250.0,2026-01-02T05:00:00Z,9.42,9.9,9.42,9.68,5,3,9.76
2026-01-02,GOOGL260821P00300000,2026-08-21,put,300.0,2026-01-02T05:00:00Z,25.07,26.37,24.71,25.09,9,7,25.432222
2026-01-02,GOOGL260821P00265000,2026-08-21,put,265.0,2026-01-02T05:00:00Z,11.85,13.5,11.85,13.5,2,2,12.675
2026-01-02,GOOGL260821P00310000,2026-08-21,put,310.0,2026-01-02T05:00:00Z,29.5,29.5,29.06,29.3,6,6,29.255
2026-01-02,GOOGL260821C00255000,2026-08-21,call,255.0,2026-01-02T05:00:00Z,74.15,74.15,74.15,74.15,1,1,74.15
2026-01-02,GOOGL260821P00225000,2026-08-21,put,225.0,2026-01-02T05:00:00Z,5.6,5.6,5.5,5.5,2,2,5.55
2026-01-02,GOOGL260821P00245000,2026-08-21,put,245.0,2026-01-02T05:00:00Z,8.85,8.85,8.74,8.74,4,2,8.8225
2026-01-02,GOOGL260821C00285000,2026-08-21,call,285.0,2026-01-02T05:00:00Z,59.78,59.83,58.98,58.98,21,5,59.760952
2026-01-02,GOOGL260821P00185000,2026-08-21,put,185.0,2026-01-02T05:00:00Z,1.75,1.75,1.75,1.75,1,1,1.75
2026-01-02,GOOGL260821P00320000,2026-08-21,put,320.0,2026-01-02T05:00:00Z,35.03,35.1,34.21,34.25,4,4,34.6475
2026-01-02,GOOGL260821P00330000,2026-08-21,put,330.0,2026-01-02T05:00:00Z,40.06,40.06,39.74,39.8,4,4,39.9125
2026-01-02,GOOGL260821P00345000,2026-08-21,put,345.0,2026-01-02T05:00:00Z,46.3,46.3,46.2,46.2,4,3,46.2625
2026-01-02,GOOGL260821P00200000,2026-08-21,put,200.0,2026-01-02T05:00:00Z,2.89,2.89,2.83,2.83,4,3,2.875
2026-01-02,GOOGL260821C00380000,2026-08-21,call,380.0,2026-01-02T05:00:00Z,15.75,15.75,15.75,15.75,44,1,15.75
2026-01-02,GOOGL260821C00390000,2026-08-21,call,390.0,2026-01-02T05:00:00Z,13.33,14.28,13.33,14.17,11,7,13.946364
2026-01-02,GOOGL260821C00410000,2026-08-21,call,410.0,2026-01-02T05:00:00Z,11.6,11.6,10.57,10.58,4,3,10.8325
2026-01-02,GOOGL260821P00270000,2026-08-21,put,270.0,2026-01-02T05:00:00Z,15.37,15.37,14.85,14.85,9,2,15.081111
2026-01-02,GOOGL260821C00330000,2026-08-21,call,330.0,2026-01-02T05:00:00Z,35.06,35.06,30.38,32.65,22,11,31.257273
2026-01-02,GOOGL260821C00450000,2026-08-21,call,450.0,2026-01-02T05:00:00Z,6.2,6.2,6.2,6.2,13,1,6.2
2026-01-02,GOOGL260821C00265000,2026-08-21,call,265.0,2026-01-02T05:00:00Z,69.37,69.37,67.45,67.45,6,2,69.05
2026-01-02,GOOGL260821C00310000,2026-08-21,call,310.0,2026-01-02T05:00:00Z,39.34,41.77,39.34,41.77,38,12,39.788158
2026-01-02,GOOGL260821C00360000,2026-08-21,call,360.0,2026-01-02T05:00:00Z,21.25,21.85,20.25,21.55,8,8,21.335
2026-01-02,GOOGL260821P00190000,2026-08-21,put,190.0,2026-01-02T05:00:00Z,1.98,2.31,1.98,2.22,9,4,2.096667
2026-01-02,GOOGL260821C00245000,2026-08-21,call,245.0,2026-01-02T05:00:00Z,81.4,81.4,81.4,81.4,2,1,81.4
2026-01-02,GOOGL260821C00295000,2026-08-21,call,295.0,2026-01-02T05:00:00Z,51.95,51.95,48.85,48.85,24,9,51.725417
2026-01-02,GOOGL260821C00305000,2026-08-21,call,305.0,2026-01-02T05:00:00Z,42.15,44.35,42.15,44.35,8,6,43.50375
2026-01-02,GOOGL260821C00500000,2026-08-21,call,500.0,2026-01-02T05:00:00Z,3.45,3.52,3.05,3.05,19,3,3.116842
2026-01-02,GOOGL260821P00205000,2026-08-21,put,205.0,2026-01-02T05:00:00Z,3.25,3.25,3.25,3.25,1,1,3.25
2026-01-02,GOOGL260821P00325000,2026-08-21,put,325.0,2026-01-02T05:00:00Z,37.36,37.36,37.05,37.05,6,6,37.193333
2026-01-02,GOOGL260821C00280000,2026-08-21,call,280.0,2026-01-02T05:00:00Z,62,64.5,59,59,7,3,60.214286
2026-01-02,GOOGL260821C00420000,2026-08-21,call,420.0,2026-01-02T05:00:00Z,10.35,10.36,9.08,9.08,21,6,10.291905
2026-01-02,GOOGL260821C00480000,2026-08-21,call,480.0,2026-01-02T05:00:00Z,3.9,3.9,3.9,3.9,1,1,3.9
2026-01-02,GOOGL260821P00255000,2026-08-21,put,255.0,2026-01-02T05:00:00Z,10.9,10.9,10.66,10.66,2,2,10.78
2026-01-02,GOOGL260821P00260000,2026-08-21,put,260.0,2026-01-02T05:00:00Z,11,12.1,11,12.1,5,2,11.88
2026-01-02,GOOGL260821C00240000,2026-08-21,call,240.0,2026-01-02T05:00:00Z,88.8,89.64,88.8,89.64,11,2,88.876364
2026-01-02,GOOGL260821C00400000,2026-08-21,call,400.0,2026-01-02T05:00:00Z,12.77,12.77,11.71,12.16,28,10,12.550714
2026-01-02,GOOGL260821P00210000,2026-08-21,put,210.0,2026-01-02T05:00:00Z,3.8,3.8,3.8,3.8,1,1,3.8
2026-01-02,GOOGL260821P00230000,2026-08-21,put,230.0,2026-01-02T05:00:00Z,6.25,6.25,6.25,6.25,2,1,6.25
2026-01-02,GOOGL260821P00305000,2026-08-21,put,305.0,2026-01-02T05:00:00Z,27.44,27.46,27.44,27.46,2,2,27.45
2026-01-02,GOOGL260821C00315000,2026-08-21,call,315.0,2026-01-02T05:00:00Z,42.5,42.5,37,39.33,150,8,37.366
2026-01-02,GOOGL260821C00320000,2026-08-21,call,320.0,2026-01-02T05:00:00Z,40.09,40.09,34.63,36.7,15,9,35.422
2026-01-02,GOOGL260821C00325000,2026-08-21,call,325.0,2026-01-02T05:00:00Z,38.26,38.52,33.47,33.47,18,5,36.968889
2026-01-02,GOOGL260821P00420000,2026-08-21,put,420.0,2026-01-02T05:00:00Z,102.95,107.71,102.95,107.71,6,4,105.33
2026-01-02,GOOGL260918C00280000,2026-09-18,call,280.0,2026-01-02T05:00:00Z,64.8,64.8,60.45,60.86,6,4,61.431667
2026-01-02,GOOGL260918C00380000,2026-09-18,call,380.0,2026-01-02T05:00:00Z,20.46,20.46,17.2,18.15,31,5,18.781613
2026-01-02,GOOGL260821P00400000,2026-08-21,put,400.0,2026-01-02T05:00:00Z,85.65,90.3,85.65,90.3,6,3,87.975
2026-01-02,GOOGL260918C00240000,2026-09-18,call,240.0,2026-01-02T05:00:00Z,94.15,94.15,94.15,94.15,1,1,94.15
2026-01-02,GOOGL260918C00290000,2026-09-18,call,290.0,2026-01-02T05:00:00Z,56,59.5,52.3,52.3,28,6,53.746429
2026-01-02,GOOGL260918C00325000,2026-09-18,call,325.0,2026-01-02T05:00:00Z,38.3,40,34.3,34.6,32,17,37.521563
2026-01-02,GOOGL260918C00200000,2026-09-18,call,200.0,2026-01-02T05:00:00Z,129.17,129.17,122.32,122.5,23,3,122.696087
2026-01-02,GOOGL260918C00270000,2026-09-18,call,270.0,2026-01-02T05:00:00Z,71.6,72.29,64.7,64.7,4,3,70.0475
2026-01-02,GOOGL260918C00315000,2026-09-18,call,315.0,2026-01-02T05:00:00Z,39.15,41.05,39.15,41.05,10,5,40.05
2026-01-02,GOOGL260918C00100000,2026-09-18,call,100.0,2026-01-02T05:00:00Z,222.5,222.5,214,215.62,20,4,216.53
2026-01-02,GOOGL260918C00300000,2026-09-18,call,300.0,2026-01-02T05:00:00Z,53,53.15,46.27,48.7,31,17,50.536452
2026-01-02,GOOGL260918C00340000,2026-09-18,call,340.0,2026-01-02T05:00:00Z,32.7,32.7,28.7,30.3,105,21,30.579333
2026-01-02,GOOGL260918C00345000,2026-09-18,call,345.0,2026-01-02T05:00:00Z,29.2,29.2,28.58,28.58,6,3,29.096667
2026-01-02,GOOGL260821P00410000,2026-08-21,put,410.0,2026-01-02T05:00:00Z,94.75,98.92,94.75,98.92,6,2,96.835
2026-01-02,GOOGL260918C00170000,2026-09-18,call,170.0,2026-01-02T05:00:00Z,147,147,147,147,1,1,147
2026-01-02,GOOGL260918C00210000,2026-09-18,call,210.0,2026-01-02T05:00:00Z,118,118,111.14,111.14,9,4,113.573333
2026-01-02,GOOGL260918C00190000,2026-09-18,call,190.0,2026-01-02T05:00:00Z,131,131,131,131,1,1,131
2026-01-02,GOOGL260918C00360000,2026-09-18,call,360.0,2026-01-02T05:00:00Z,25.55,25.55,25.55,25.55,1,1,25.55
2026-01-02,GOOGL260918C00320000,2026-09-18,call,320.0,2026-01-02T05:00:00Z,40.75,42.83,36.84,39,128,20,38.119063
2026-01-02,GOOGL260918C00350000,2026-09-18,call,350.0,2026-01-02T05:00:00Z,28.3,28.3,25.48,26.89,144,19,26.478125
2026-01-02,GOOGL260918C00120000,2026-09-18,call,120.0,2026-01-02T05:00:00Z,203.35,203.35,203.35,203.35,5,1,203.35
2026-01-02,GOOGL260918C00185000,2026-09-18,call,185.0,2026-01-02T05:00:00Z,142.6,142.6,142.6,142.6,14,1,142.6
2026-01-02,GOOGL260918C00230000,2026-09-18,call,230.0,2026-01-02T05:00:00Z,98.4,98.4,96.25,96.25,3,2,97.683333
2026-01-02,GOOGL260918C00250000,2026-09-18,call,250.0,2026-01-02T05:00:00Z,83.75,83.75,78.25,80.75,67,8,80.335821
2026-01-02,GOOGL260918C00260000,2026-09-18,call,260.0,2026-01-02T05:00:00Z,78.77,79.52,72.2,73.39,31,17,74.698387
2026-01-02,GOOGL260918C00310000,2026-09-18,call,310.0,2026-01-02T05:00:00Z,45.1,47.85,41.58,43.55,91,22,44.85022
2026-01-02,GOOGL260918C00330000,2026-09-18,call,330.0,2026-01-02T05:00:00Z,36.84,37.35,32.6,33.64,14,7,34.533571
2026-01-02,GOOGL260918C00370000,2026-09-18,call,370.0,2026-01-02T05:00:00Z,21.69,21.69,20.3,20.45,27,12,20.49
2026-01-02,GOOGL260918C00415000,2026-09-18,call,415.0,2026-01-02T05:00:00Z,12.55,12.55,11.35,11.35,65,3,12.273077
2026-01-02,GOOGL260918C00430000,2026-09-18,call,430.0,2026-01-02T05:00:00Z,9.2,9.35,9.2,9.35,18,10,9.283333
2026-01-02,GOOGL260918P00230000,2026-09-18,put,230.0,2026-01-02T05:00:00Z,6.46,7.31,6.46,6.8,126,20,6.810714
2026-01-02,GOOGL260918C00565000,2026-09-18,call,565.0,2026-01-02T05:00:00Z,1.85,1.89,1.69,1.69,95,13,1.836842
2026-01-02,GOOGL260918P00170000,2026-09-18,put,170.0,2026-01-02T05:00:00Z,1.47,1.47,1.47,1.47,10,2,1.47
2026-01-02,GOOGL260918P00180000,2026-09-18,put,180.0,2026-01-02T05:00:00Z,1.89,1.89,1.89,1.89,1,1,1.89
2026-01-02,GOOGL260918P00250000,2026-09-18,put,250.0,2026-01-02T05:00:00Z,9.55,11.25,9.55,10.65,32,16,10.66875
2026-01-02,GOOGL260918P00290000,2026-09-18,put,290.0,2026-01-02T05:00:00Z,22.33,23.4,22.05,23.4,6,6,22.583333
2026-01-02,GOOGL260918C00420000,2026-09-18,call,420.0,2026-01-02T05:00:00Z,10.45,10.48,10.45,10.48,8,2,10.46125
2026-01-02,GOOGL260918C00450000,2026-09-18,call,450.0,2026-01-02T05:00:00Z,8,8,7.55,7.55,2,2,7.775
2026-01-02,GOOGL260918C00570000,2026-09-18,call,570.0,2026-01-02T05:00:00Z,1.6,1.6,1.6,1.6,5,1,1.6
2026-01-02,GOOGL260918P00185000,2026-09-18,put,185.0,2026-01-02T05:00:00Z,2.02,2.04,2.02,2.04,2,2,2.03
2026-01-02,GOOGL260918P00260000,2026-09-18,put,260.0,2026-01-02T05:00:00Z,13.05,13.05,13.05,13.05,1,1,13.05
2026-01-02,GOOGL260918C00390000,2026-09-18,call,390.0,2026-01-02T05:00:00Z,15.45,15.95,15.1,15.95,30,5,15.575
2026-01-02,GOOGL260918C00500000,2026-09-18,call,500.0,2026-01-02T05:00:00Z,4.05,4.05,3.66,3.75,40,3,3.78
2026-01-02,GOOGL260918C00600000,2026-09-18,call,600.0,2026-01-02T05:00:00Z,1.12,1.12,1.12,1.12,3,1,1.12
2026-01-02,GOOGL260918P00300000,2026-09-18,put,300.0,2026-01-02T05:00:00Z,26.6,26.6,26.4,26.4,4,4,26.525
2026-01-02,GOOGL260918C00385000,2026-09-18,call,385.0,2026-01-02T05:00:00Z,17.51,17.51,17.51,17.51,1,1,17.51
2026-01-02,GOOGL260918C00485000,2026-09-18,call,485.0,2026-01-02T05:00:00Z,4.69,4.69,4.69,4.69,1,1,4.69
2026-01-02,GOOGL260918C00490000,2026-09-18,call,490.0,2026-01-02T05:00:00Z,4.28,4.34,4.28,4.34,14,4,4.31
2026-01-02,GOOGL260918C00580000,2026-09-18,call,580.0,2026-01-02T05:00:00Z,1.4,1.4,1.4,1.4,1,1,1.4
2026-01-02,GOOGL260918P00210000,2026-09-18,put,210.0,2026-01-02T05:00:00Z,3.9,4.55,3.9,4.55,2,2,4.225
2026-01-02,GOOGL260918P00220000,2026-09-18,put,220.0,2026-01-02T05:00:00Z,4.9,5.8,4.9,5.48,54,10,5.419074
2026-01-02,GOOGL260918P00270000,2026-09-18,put,270.0,2026-01-02T05:00:00Z,15,16.1,15,15.86,8,4,15.675
2026-01-02,GOOGL260918P00140000,2026-09-18,put,140.0,2026-01-02T05:00:00Z,0.54,0.54,0.54,0.54,1,1,0.54
2026-01-02,GOOGL260918P00160000,2026-09-18,put,160.0,2026-01-02T05:00:00Z,1.02,1.13,1.02,1.1,3,3,1.083333
2026-01-02,GOOGL260918P00190000,2026-09-18,put,190.0,2026-01-02T05:00:00Z,2.34,2.34,2.34,2.34,1,1,2.34
2026-01-02,GOOGL260918C00410000,2026-09-18,call,410.0,2026-01-02T05:00:00Z,12.15,12.15,12.15,12.15,1,1,12.15
2026-01-02,GOOGL260918C00400000,2026-09-18,call,400.0,2026-01-02T05:00:00Z,15.05,15.52,13.6,13.65,20,11,14.766
2026-01-02,GOOGL260918C00575000,2026-09-18,call,575.0,2026-01-02T05:00:00Z,1.51,1.51,1.51,1.51,1,1,1.51
2026-01-02,GOOGL260918P00165000,2026-09-18,put,165.0,2026-01-02T05:00:00Z,1.26,1.26,1.26,1.26,10,2,1.26
2026-01-02,GOOGL260918P00200000,2026-09-18,put,200.0,2026-01-02T05:00:00Z,3.03,3.03,2.99,2.99,2,2,3.01
2026-01-02,GOOGL260918P00280000,2026-09-18,put,280.0,2026-01-02T05:00:00Z,18.43,20,18.43,19,100,22,19.061
2026-01-02,GOOGL260918P00305000,2026-09-18,put,305.0,2026-01-02T05:00:00Z,28.23,30.1,28.1,30.1,6,6,28.813333
2026-01-02,GOOGL260918P00325000,2026-09-18,put,325.0,2026-01-02T05:00:00Z,38.03,38.05,38.03,38.05,2,2,38.04
2026-01-02,GOOGL260918P00350000,2026-09-18,put,350.0,2026-01-02T05:00:00Z,55.3,55.3,55.3,55.3,1,1,55.3
2026-01-02,GOOGL260918P00415000,2026-09-18,put,415.0,2026-01-02T05:00:00Z,98.85,104.2,98.85,104.2,6,2,101.525
2026-01-02,GOOGL260918P00420000,2026-09-18,put,420.0,2026-01-02T05:00:00Z,103.9,108.55,103.9,108.55,6,2,106.225
2026-01-02,GOOGL260918P00425000,2026-09-18,put,425.0,2026-01-02T05:00:00Z,108.3,112.95,108.3,112.95,6,2,110.625
2026-01-02,GOOGL260918P00310000,2026-09-18,put,310.0,2026-01-02T05:00:00Z,32.5,32.5,32.2,32.2,4,4,32.38
2026-01-02,GOOGL260918P00315000,2026-09-18,put,315.0,2026-01-02T05:00:00Z,33.28,34.95,33.25,33.73,127,20,34.648976
2026-01-02,GOOGL260918P00320000,2026-09-18,put,320.0,2026-01-02T05:00:00Z,35,35,35,35,1,1,35
2026-01-02,GOOGL261218C00050000,2026-12-18,call,50.0,2026-01-02T05:00:00Z,263.4,267.49,263.4,266.67,13,6,266.713077
2026-01-02,GOOGL261218C00125000,2026-12-18,call,125.0,2026-01-02T05:00:00Z,191.98,191.98,191.98,191.98,1,1,191.98
2026-01-02,GOOGL261218C00165000,2026-12-18,call,165.0,2026-01-02T05:00:00Z,157.45,157.45,157.45,157.45,5,1,157.45
2026-01-02,GOOGL261218C00235000,2026-12-18,call,235.0,2026-01-02T05:00:00Z,96.46,96.46,95.81,95.81,16,2,96.419375
2026-01-02,GOOGL261218C00245000,2026-12-18,call,245.0,2026-01-02T05:00:00Z,90.8,90.8,90.8,90.8,2,1,90.8
2026-01-02,GOOGL261218C00330000,2026-12-18,call,330.0,2026-01-02T05:00:00Z,44.82,45,39.73,41.72,44,8,41.771591
2026-01-02,GOOGL261218C00590000,2026-12-18,call,590.0,2026-01-02T05:00:00Z,3.25,3.25,3.22,3.22,19,8,3.246316
2026-01-02,GOOGL261218C00180000,2026-12-18,call,180.0,2026-01-02T05:00:00Z,143.75,143.75,143.75,143.75,1,1,143.75
2026-01-02,GOOGL261218C00380000,2026-12-18,call,380.0,2026-01-02T05:00:00Z,26,27,23.55,24.6,84,15,25.272976
2026-01-02,GOOGL261218C00150000,2026-12-18,call,150.0,2026-01-02T05:00:00Z,172.3,172.81,172.1,172.1,6,4,172.606667
2026-01-02,GOOGL261218C00325000,2026-12-18,call,325.0,2026-01-02T05:00:00Z,47.52,47.52,41.95,41.95,15,9,45.802667
2026-01-02,GOOGL261218C00350000,2026-12-18,call,350.0,2026-01-02T05:00:00Z,35.17,37.35,32.25,34.15,92,39,33.989457
2026-01-02,GOOGL261218C00500000,2026-12-18,call,500.0,2026-01-02T05:00:00Z,7.79,7.79,6.83,7.1,26,7,6.94
2026-01-02,GOOGL261218C00200000,2026-12-18,call,200.0,2026-01-02T05:00:00Z,131,132.89,124.14,127.43,10,8,126.913
2026-01-02,GOOGL261218C00265000,2026-12-18,call,265.0,2026-01-02T05:00:00Z,82.6,82.6,82.6,82.6,1,1,82.6
2026-01-02,GOOGL261218C00375000,2026-12-18,call,375.0,2026-01-02T05:00:00Z,28.06,28.5,25.68,25.68,229,77,27.982227
2026-01-02,GOOGL261218C00185000,2026-12-18,call,185.0,2026-01-02T05:00:00Z,144.25,144.25,137.47,139.75,17,3,138.002941
2026-01-02,GOOGL261218C00305000,2026-12-18,call,305.0,2026-01-02T05:00:00Z,57.57,57.57,51.2,52.65,80,7,55.888375
2026-01-02,GOOGL261218C00320000,2026-12-18,call,320.0,2026-01-02T05:00:00Z,48.72,49.38,44.44,46.15,107,20,45.535421
2026-01-02,GOOGL261218C00365000,2026-12-18,call,365.0,2026-01-02T05:00:00Z,27.9,29.45,27.5,29.45,33,18,27.830303
2026-01-02,GOOGL261218C00400000,2026-12-18,call,400.0,2026-01-02T05:00:00Z,21.65,22,19.18,20.3,89,24,20.835843
2026-01-02,GOOGL261218C00465000,2026-12-18,call,465.0,2026-01-02T05:00:00Z,10.2,10.35,10.2,10.35,6,4,10.275
2026-01-02,GOOGL261218C00495000,2026-12-18,call,495.0,2026-01-02T05:00:00Z,8.02,8.02,7.45,7.49,3,3,7.653333
2026-01-02,GOOGL261218C00210000,2026-12-18,call,210.0,2026-01-02T05:00:00Z,118.67,118.67,118.67,118.67,1,1,118.67
2026-01-02,GOOGL261218C00370000,2026-12-18,call,370.0,2026-01-02T05:00:00Z,27.8,28.3,26.21,27.3,20,8,27.6145
2026-01-02,GOOGL261218C00540000,2026-12-18,call,540.0,2026-01-02T05:00:00Z,4.8,4.8,4.8,4.8,60,9,4.8
2026-01-02,GOOGL261218C00385000,2026-12-18,call,385.0,2026-01-02T05:00:00Z,23.85,23.85,23.85,23.85,2,1,23.85
2026-01-02,GOOGL261218C00425000,2026-12-18,call,425.0,2026-01-02T05:00:00Z,16.5,16.5,14.75,15.02,21,4,15.084762
2026-01-02,GOOGL261218C00580000,2026-12-18,call,580.0,2026-01-02T05:00:00Z,3.6,3.6,3.55,3.56,20,4,3.5775
2026-01-02,GOOGL261218C00100000,2026-12-18,call,100.0,2026-01-02T05:00:00Z,221,221,219,219,6,2,219.333333
2026-01-02,GOOGL261218C00270000,2026-12-18,call,270.0,2026-01-02T05:00:00Z,78,78,71.93,72.08,26,10,75.57
2026-01-02,GOOGL261218C00280000,2026-12-18,call,280.0,2026-01-02T05:00:00Z,67.18,67.18,64.9,67.18,5,5,66.002
2026-01-02,GOOGL261218C00300000,2026-12-18,call,300.0,2026-01-02T05:00:00Z,60,60.31,53.5,56.3,695,40,59.017914
2026-01-02,GOOGL261218C00355000,2026-12-18,call,355.0,2026-01-02T05:00:00Z,32.55,32.55,30.6,31.9,61,20,31.925902
2026-01-02,GOOGL261218C00360000,2026-12-18,call,360.0,2026-01-02T05:00:00Z,31,31,29.05,30.65,42,12,30.447619
2026-01-02,GOOGL261218C00470000,2026-12-18,call,470.0,2026-01-02T05:00:00Z,10.2,10.55,9.65,9.65,51,4,10.191176
2026-01-02,GOOGL261218C00160000,2026-12-18,call,160.0,2026-01-02T05:00:00Z,161.25,161.25,161.25,161.25,5,1,161.25
2026-01-02,GOOGL261218C00195000,2026-12-18,call,195.0,2026-01-02T05:00:00Z,135.5,135.6,128,128,3,3,133.033333
2026-01-02,GOOGL261218C00405000,2026-12-18,call,405.0,2026-01-02T05:00:00Z,20.38,20.38,18.9,18.9,12,3,19.023333
2026-01-02,GOOGL261218C00415000,2026-12-18,call,415.0,2026-01-02T05:00:00Z,16.63,17.3,16.63,17.3,8,4,17.21625
2026-01-02,GOOGL261218C00450000,2026-12-18,call,450.0,2026-01-02T05:00:00Z,12.74,13.2,11.52,11.52,13,4,12.946154
2026-01-02,GOOGL261218C00250000,2026-12-18,call,250.0,2026-01-02T05:00:00Z,90.51,93.5,84,87.45,32,15,91.700938
2026-01-02,GOOGL261218C00255000,2026-12-18,call,255.0,2026-01-02T05:00:00Z,88.94,88.94,88.94,88.94,1,1,88.94
2026-01-02,GOOGL261218C00260000,2026-12-18,call,260.0,2026-01-02T05:00:00Z,84,86.2,78,79.3,7,6,83.165714
2026-01-02,GOOGL261218C00340000,2026-12-18,call,340.0,2026-01-02T05:00:00Z,41,41.4,36.05,37.8,15,8,38.153333
2026-01-02,GOOGL261218C00480000,2026-12-18,call,480.0,2026-01-02T05:00:00Z,9.05,9.05,9.05,9.05,1,1,9.05
2026-01-02,GOOGL261218C00485000,2026-12-18,call,485.0,2026-01-02T05:00:00Z,8.45,8.45,8.45,8.45,1,1,8.45
2026-01-02,GOOGL261218C00290000,2026-12-18,call,290.0,2026-01-02T05:00:00Z,65.45,65.45,59.09,61.95,11,11,61.831818
2026-01-02,GOOGL261218C00345000,2026-12-18,call,345.0,2026-01-02T05:00:00Z,37.65,38.19,33.95,35.3,19,9,35.824211
2026-01-02,GOOGL261218C00390000,2026-12-18,call,390.0,2026-01-02T05:00:00Z,24,24,21.22,21.22,3,3,22.756667
2026-01-02,GOOGL261218C00475000,2026-12-18,call,475.0,2026-01-02T05:00:00Z,9.55,9.55,9.55,9.55,15,1,9.55
2026-01-02,GOOGL261218C00140000,2026-12-18,call,140.0,2026-01-02T05:00:00Z,186.7,186.7,186.7,186.7,1,1,186.7
2026-01-02,GOOGL261218C00205000,2026-12-18,call,205.0,2026-01-02T05:00:00Z,126.78,126.78,122.3,122.3,2,2,124.54
2026-01-02,GOOGL261218C00220000,2026-12-18,call,220.0,2026-01-02T05:00:00Z,115.7,115.7,107.21,110.53,4,4,110.3725
2026-01-02,GOOGL261218C00310000,2026-12-18,call,310.0,2026-01-02T05:00:00Z,54.7,54.7,48.4,51.05,76,19,50.289605
2026-01-02,GOOGL261218C00315000,2026-12-18,call,315.0,2026-01-02T05:00:00Z,52.5,53,46.29,48.8,37,25,48.298378
2026-01-02,GOOGL261218C00410000,2026-12-18,call,410.0,2026-01-02T05:00:00Z,19.3,19.3,17.38,17.38,3,3,18.046667
2026-01-02,GOOGL261218C00555000,2026-12-18,call,555.0,2026-01-02T05:00:00Z,4.55,4.56,4.55,4.56,8,2,4.555
2026-01-02,GOOGL261218C00240000,2026-12-18,call,240.0,2026-01-02T05:00:00Z,99.12,100.27,91.75,91.85,7,7,95.027143
2026-01-02,GOOGL261218C00460000,2026-12-18,call,460.0,2026-01-02T05:00:00Z,11,11,10.45,10.54,9,3,10.541111
2026-01-02,GOOGL261218C00230000,2026-12-18,call,230.0,2026-01-02T05:00:00Z,102.42,102.42,102.4,102.4,2,2,102.41
2026-01-02,GOOGL261218C00575000,2026-12-18,call,575.0,2026-01-02T05:00:00Z,3.55,3.55,3.35,3.37,6,4,3.423333
2026-01-02,GOOGL261218C00600000,2026-12-18,call,600.0,2026-01-02T05:00:00Z,2.7,2.83,2.5,2.7,21,10,2.640476
2026-01-02,GOOGL261218C00145000,2026-12-18,call,145.0,2026-01-02T05:00:00Z,176.5,176.5,176.5,176.5,3,1,176.5
2026-01-02,GOOGL261218C00435000,2026-12-18,call,435.0,2026-01-02T05:00:00Z,14.95,14.95,14.95,14.95,1,1,14.95
2026-01-02,GOOGL261218P00320000,2026-12-18,put,320.0,2026-01-02T05:00:00Z,38.55,42.8,37.8,42.8,131,18,40.428092
2026-01-02,GOOGL261218P00350000,2026-12-18,put,350.0,2026-01-02T05:00:00Z,60.5,60.5,60.5,60.5,1,1,60.5
2026-01-02,GOOGL261218P00205000,2026-12-18,put,205.0,2026-01-02T05:00:00Z,5.7,5.79,5.65,5.65,8,4,5.74375
2026-01-02,GOOGL261218P00210000,2026-12-18,put,210.0,2026-01-02T05:00:00Z,6.65,6.65,6.65,6.65,10,1,6.65
2026-01-02,GOOGL261218P00230000,2026-12-18,put,230.0,2026-01-02T05:00:00Z,8.8,10.07,8.8,9.6,5,5,9.394
2026-01-02,GOOGL261218P00215000,2026-12-18,put,215.0,2026-01-02T05:00:00Z,7,7,7,7,1,1,7
2026-01-02,GOOGL261218P00160000,2026-12-18,put,160.0,2026-01-02T05:00:00Z,1.78,1.78,1.78,1.78,1,1,1.78
2026-01-02,GOOGL261218P00225000,2026-12-18,put,225.0,2026-01-02T05:00:00Z,8,9.2,7.9,8.73,116,9,8.366293
2026-01-02,GOOGL261218P00265000,2026-12-18,put,265.0,2026-01-02T05:00:00Z,16.9,18.2,16.9,18.2,4,4,17.8625
2026-01-02,GOOGL261218P00330000,2026-12-18,put,330.0,2026-01-02T05:00:00Z,45.6,47.6,45.6,47.6,2,2,46.6
2026-01-02,GOOGL261218P00150000,2026-12-18,put,150.0,2026-01-02T05:00:00Z,1.46,1.46,1.46,1.46,20,1,1.46
2026-01-02,GOOGL261218P00170000,2026-12-18,put,170.0,2026-01-02T05:00:00Z,2.52,2.52,2.52,2.52,2,1,2.52
2026-01-02,GOOGL261218P00195000,2026-12-18,put,195.0,2026-01-02T05:00:00Z,4.54,4.59,4.48,4.48,4,4,4.5275
2026-01-02,GOOGL261218P00490000,2026-12-18,put,490.0,2026-01-02T05:00:00Z,175.8,175.83,175.8,175.83,2,2,175.815
2026-01-02,GOOGL261218P00090000,2026-12-18,put,90.0,2026-01-02T05:00:00Z,0.2,0.2,0.2,0.2,1,1,0.2
2026-01-02,GOOGL261218P00190000,2026-12-18,put,190.0,2026-01-02T05:00:00Z,4.01,4.01,4.01,4.01,5,1,4.01
2026-01-02,GOOGL261218P00315000,2026-12-18,put,315.0,2026-01-02T05:00:00Z,37.23,40.1,37.23,38.53,66,18,38.798939
2026-01-02,GOOGL261218P00345000,2026-12-18,put,345.0,2026-01-02T05:00:00Z,55.25,55.25,55.25,55.25,1,1,55.25
2026-01-02,GOOGL261218P00290000,2026-12-18,put,290.0,2026-01-02T05:00:00Z,25.21,28.42,25.21,27.29,6,5,27.34
2026-01-02,GOOGL261218P00305000,2026-12-18,put,305.0,2026-01-02T05:00:00Z,34,34,34,34,1,1,34
2026-01-02,GOOGL261218P00310000,2026-12-18,put,310.0,2026-01-02T05:00:00Z,33.65,37.73,33.65,35.85,31,20,36.210968
2026-01-02,GOOGL261218P00120000,2026-12-18,put,120.0,2026-01-02T05:00:00Z,0.54,0.54,0.54,0.54,3,2,0.54
2026-01-02,GOOGL261218P00125000,2026-12-18,put,125.0,2026-01-02T05:00:00Z,0.67,0.67,0.67,0.67,1,1,0.67
2026-01-02,GOOGL261218P00135000,2026-12-18,put,135.0,2026-01-02T05:00:00Z,0.89,0.89,0.89,0.89,5,1,0.89
2026-01-02,GOOGL261218P00260000,2026-12-18,put,260.0,2026-01-02T05:00:00Z,15.5,17.47,15.5,17.47,8,3,16.44375
2026-01-02,GOOGL261218P00300000,2026-12-18,put,300.0,2026-01-02T05:00:00Z,29.07,32.75,28.88,31.35,36,13,31.200833
2026-01-02,GOOGL261218P00325000,2026-12-18,put,325.0,2026-01-02T05:00:00Z,41.2,45.5,40.95,43.55,35,13,43.565714
2026-01-02,GOOGL261218P00335000,2026-12-18,put,335.0,2026-01-02T05:00:00Z,47.25,49.3,47.25,49.2,28,7,48.994643
2026-01-02,GOOGL261218P00500000,2026-12-18,put,500.0,2026-01-02T05:00:00Z,179.55,185.71,179.55,185.71,4,4,182.6225
2026-01-02,GOOGL261218P00235000,2026-12-18,put,235.0,2026-01-02T05:00:00Z,11.1,11.24,10.5,10.5,7,5,10.891429
2026-01-02,GOOGL261218P00240000,2026-12-18,put,240.0,2026-01-02T05:00:00Z,10.78,12.24,10.78,11.83,4,3,11.4075
2026-01-02,GOOGL261218P00270000,2026-12-18,put,270.0,2026-01-02T05:00:00Z,18.3,21.1,18.22,19.75,252,26,19.808016
2026-01-02,GOOGL261218P00515000,2026-12-18,put,515.0,2026-01-02T05:00:00Z,192.8,192.8,192.8,192.8,1,1,192.8
2026-01-02,GOOGL261218P00175000,2026-12-18,put,175.0,2026-01-02T05:00:00Z,2.82,2.82,2.82,2.82,5,1,2.82
2026-01-02,GOOGL261218P00200000,2026-12-18,put,200.0,2026-01-02T05:00:00Z,4.65,4.72,4.65,4.72,4,2,4.6675
2026-01-02,GOOGL261218P00250000,2026-12-18,put,250.0,2026-01-02T05:00:00Z,13.2,14.85,12.8,14.85,52,11,13.524038
2026-01-02,GOOGL261218P00280000,2026-12-18,put,280.0,2026-01-02T05:00:00Z,21.75,23.34,21.75,23.34,20,4,22.062
